"Every book is a wonderful dream! I love the characters, yes not Lord Voldemort but Hagrid Fred it is so cozy to just dream away hour after hour and fantasize â¤ï¸â¤ï¸ "", 'liiiite arrow', 'best!', 'It is very good! ğŸ§™U200dâ™‚ï¸', 'Love to lie in bed and listen to Harry Potter! ğŸ¤©ğŸ¤©', 'Super good book', 'I love Harry Potter so much so I will listen to all the books that are nnğŸ¥³ favorite The books and think they are fantastic environments and the character ',' Harry Potter The books are so good and detailedğŸ˜Š However very long !! ğŸ¤­ But it's just nice I think !!! Superb read !! Love Harry Potterâœ¨ğŸª„ğŸ© ',' Always just as goodğŸ¤© ',' good ',' 100 times better one 1. ',' It was bestğŸ¤©ğŸ¤©ğŸ¤©ğŸ¤© ',' so spouting! ',' Great book, both Ties up many threads and pulls out new ones for the two closing books. The length that I see many complain about is no problem, with so much that happens, the space is needed to change to the end of the series. 5 out of 5 for the book and BjÃ¶rn is the best, 5 out of 5 to him with. '"
"Better books are not there ',' ğŸ˜ ',' so good âš¡ï¸âš¡ï¸âš¡ï¸âš¡ï¸âš¡ï¸âš¡ï¸âš¡ï¸âš¡ï¸âš¡ï¸âš¡ï¸ ',' I love Harry Potter !!!!! Â¡!!!!! ğŸ˜„ ',' Incredible readout! ', 'Super', 'Ã–stgÃ¤rd', 'Great book !!', 'Very good readers like Stephan Fry always is. The NOK is very good but I probably carry book 4 in front of this, mostly that on some plan it feels a bit drawn out in it Here the book. ',' You have to Lisen to this book it's so good I love all of the harry potter books and no matter how menu times in have lisend to this and the other books in never stop loving this book/books â¤ï¸ female The Best Book ever ',' Love the book and the reader! Nnjag has been listening to Harry Potter for 4 years now, I will never be less! Minute. ',' I love Stephen Fry as a reader. Have listened to the books many times just to hear his voice. Best sleeping drug! â¤ï¸Nps. Slytherin Rulez! '"
"Best book !!! ',' very good easy to fall asleep ',' best ',' good book, exciting and adventure. Well read. ',' Yeyyyy! ',' The best book of the world ğŸ“• ',' ğŸ‘ğŸ» ',' Super exciting! ğŸ˜ŠğŸ‘ğŸ‘½ğŸ˜¬â¤ï¸ ',' Super ',' It was great ',' Super good! ',' â˜€ï¸â˜€ï¸ Se ',' It was good ',' Top! NSSURE GOOD Reading as in the remaining Harry Potter with BjÃ¶rn KÃ¤llman! NnStar recommendations !! ',' Super Duper Hyper Braï¿¼ '"
"Good ',' It is so good and the others are also very good ',' I have the elderly anoeymous216 ',' sooo good ',' omg this book is superb ',' BjÃ¶rn KÃ¤llman is so sick good! Fantastic book !! ',' So J*vla good book and read ',' â™¥ ï¸ ',' Best book ever! â¤ï¸â¤ï¸â¤ï¸â¤ï¸ğŸª„ ',' H Bzhbhz ğŸ¥ğŸ¥´ğŸ§¡ğŸğŸ§¡ğŸğŸ¦¾ğŸ–¤ğŸ§¡ğŸ¥´ğŸ˜‚ğŸ¤®ğŸ¦¾ğŸ§¡ ğŸ˜‚ğŸ¥´ğŸ¥´ğŸ¥´ğŸ¦¾ğŸ–¤ğŸ§¡ğŸ˜‚ğŸ¤®ğŸ¦¾ğŸ¥´ğŸ•ğŸ¤®ğŸ¦¾tends ğŸ˜‚ğŸ¥´ğŸ¦¾ğŸ¥´ğŸ¦¾ğŸ˜‚ğŸ§¡ğŸ¥´ğŸ¦¾ğŸ•ğŸ˜‚ğŸ¤©ğŸ¦¾ğŸ¤©ğŸ–¤ğŸ¤©ğŸ¦¾ğŸ¤©isions ğŸ•ğŸ’›ğŸ’œğŸ•ğŸ’›ğŸ’™ğŸ•ğŸ’›ğŸ’œğŸ§¡ğŸ•ğŸ’œğŸ•ğŸ§¡ğŸ¦¾ğŸ˜°ğŸ•ğŸ˜°ğŸ•ğŸ’›ğŸ¦¾ğŸ•ğŸ˜°ğŸ•ğŸ’›ğŸ¦¾ğŸ•ğŸ˜°ğŸ•ğŸ’›ğŸ¦¾ğŸ•ğŸ˜°ğŸ¦¾ğŸ•ğŸ˜°ğŸ’™ğŸ¤©ğŸ¦¾ğŸ˜°ğŸ‘ğŸ’›ğŸ˜°ğŸ•ğŸ‘ğŸ§¡ğŸ˜°ğŸ•ğŸ‘ğŸ’›ğŸ˜°ğŸ•ğŸ¤ğŸ¤©ğŸ¤ğŸ’›ğŸ¤© ğŸ¤®ğŸ‘ğŸ’›ğŸ‘ğŸ¤©ğŸ¤ğŸ‘ğŸ¦¾ğŸ¤ğŸ¤©ğŸ¤ğŸ¦¾ğŸ¤©ğŸ’›ğŸ‘ğŸ¤©ğŸ¤ğŸ‘ğŸ’œ ğŸ’œğŸ’œğŸ’œğŸ’œğŸ’œğŸ’œğŸ’œğŸ§¡ğŸ§¡ğŸ§¡ğŸ§¡ğŸ§¡ğŸ’›ğŸ§¡ğŸ’›ğŸ§¡ğŸ’›ğŸ§¡ğŸ’›ğŸ§¡ğŸ˜¼ğŸ’›ğŸ§¡ğŸ’›ğŸ‹ğŸ§¡ğŸ¤©ğŸ’›ğŸ§¡ğŸ’›ğŸ§¡ğŸ’›ğŸ˜»ğŸ’›ğŸ˜»ğŸ’›ğŸ˜»ğŸ’›ğŸ§¡ğŸ’›ğŸ§¡ğŸ‹ğŸ§¡ğŸ’›ğŸ§¡ğŸ’›ğŸ’›ğŸ§¡ğŸ’›ğŸ§¡ ğŸ§¡ğŸ’›ğŸ§¡ğŸ’›ğŸ’›ğŸ§¡ğŸ‹ğŸ§¡ğŸ’›ğŸ§¡ğŸ˜»ğŸ’›ğŸ˜»ğŸ’›ğŸ’›ğŸ§¡ğŸ’›ğŸ§¡ğŸ§¡ğŸ’›ğŸ’›ğŸ§¡ğŸ§¡ğŸ’›ğŸ’›ğŸ§¡ğŸ§¡ğŸ’›ğŸ¦¾ğŸ¦¾ğŸ¦¾ğŸ¦¾ğŸ¦¾ğŸ¦¾ğŸ¦¾ğŸ¥ğŸ¦¾ğŸ¦¾ğŸ¦¾ğŸ¦¾ğŸ¦¾ğŸ’›ğŸ¦¾ğŸ’›ğŸ¦¾ğŸ’›ğŸ¦¾ğŸ¦¾ğŸ’›ğŸ¦¾ ğŸ’›ğŸ’›ğŸ¦¾ğŸ’›ğŸ¦¾ğŸ’›ğŸ¦¾ğŸ¦¾ğŸ’›ğŸŒ·ğŸ’›ğŸ’›ğŸ¦¾ğŸ¦¾ğŸ’›ğŸ’›ğŸ˜‹ğŸ’›ğŸ¦¾ğŸ’›ğŸ¦¾ğŸ’›ğŸ¦¾ğŸ’›ğŸ˜‹ğŸ’›ğŸ¦¾ğŸ’›ğŸ¦¾ğŸ’›ğŸ¦¾ğŸ’›ğŸ¦¾ğŸ’›ğŸ¦¾ğŸ’›ğŸ¦¾ğŸ’›ğŸ¦¾ğŸ’›ğŸ¦¾ğŸ’›ğŸ¦¾ğŸ’›ğŸ¦¾ğŸ’›ğŸ¦¾ğŸ’›ğŸ¦¾ğŸ’› ğŸ§¡ğŸ’›ğŸ§¡ğŸ’›ğŸ§¡ğŸ’›ğŸ§¡ğŸ§¡ğŸ’›ğŸ§¡ğŸ’›ğŸ’›ğŸ§¡ğŸ‹ğŸ§¡ğŸ‹ğŸ§¡ğŸ’›ğŸ§¡ğŸ‹ğŸ§¡ğŸ’›ğŸ§¡ğŸ’›ğŸ§¡ğŸ’›ğŸ§¡ğŸ‹ğŸ§¡ğŸ‹ğŸ‹ğŸ§¡ğŸ‹ğŸ§¡ğŸ‹ğŸ§¡ğŸ‹ğŸ§¡ğŸ‹ğŸ§¡ğŸ³ğŸ§¡ğŸ³ğŸ§¡ğŸ³ğŸ§¡ğŸ³ğŸ§¡ğŸ³ğŸ§¡ ğŸ³ğŸ§¡ğŸ’šğŸ§¡ğŸ’›ğŸ§¡ğŸ’›ğŸ§¡ğŸ’›ğŸ§¡ğŸ§¡ğŸ‹ğŸ’›ğŸ§¡ğŸ’›ğŸ§¡ğŸ’›ğŸ§¡ğŸ‹ğŸ§¡ğŸ‹ğŸ§¡ğŸ’›ğŸ§¡ğŸ’™ğŸ’™ğŸ’™ğŸ’™ğŸ’™ğŸ’™ğŸ’™ğŸ’™ğŸ’™ğŸ’™ğŸ’™ğŸ’™ğŸ’™ğŸ’™ğŸ’™ğŸ³ğŸ§¡ğŸ’šğŸ§¡ğŸ’›ğŸ§¡ğŸ’›ğŸ§¡ğŸ’›ğŸ§¡ğŸ§¡ğŸ‹ğŸ’›ğŸ§¡ğŸ’›ğŸ§¡ğŸ’›ğŸ§¡ğŸ‹ğŸ§¡ğŸ‹ğŸ§¡ğŸ’›ğŸ§¡ğŸ’™ğŸ’™ğŸ’™ğŸ’™ğŸ’™ğŸ’™ğŸ’™ğŸ’™ğŸ’™ğŸ’™ğŸ’™ğŸ’™ğŸ’™ğŸ’™ğŸ’™ğŸ’™ğŸ’™ğŸ’™ğŸ’™ğŸ’™ğŸ’™ğŸ’™ğŸ’™ğŸ’™ ğŸ’™ğŸ’™ğŸ’™ğŸ’™ğŸ’™ğŸ’™ğŸ’™ğŸ¬ğŸ’™ğŸ¬ğŸ’™ğŸ’™ğŸ’™ğŸ’™ğŸ¬ğŸ’™ğŸ’™ğŸ’™ğŸ¬ğŸ’™ğŸ¬ğŸ’™ğŸ¬ğŸ’™ğŸ’™ğŸ’™â¤â¤â¤â¤â¤ ',' superb! ',' The story of Harry Potter is actually! ',' BjÃ¶rn Kjellman is absolutely fantastic in his reading of these books. Well, how good he is! 10 Points to Kjellman! (Read with Dumbledore's voice). ',' Best audio book reader ',' best '"
"The Harry Potter series is among the best ever written. ',' Incredible! ',' Tjos Ess Amazons! ',' The Harry-Potter books just get better for every time I read about them and this one is definitely the best. Love the reader's voice too ',' Amazing Stuff! ',' My absolute favorite book series ever! Had shivers all over the body right through the entire epilogue, 19 years after Voldermort's death imply genius (J.K Rowling), 'incredibly good book', 'good', 'classic', 'cruel', 'classic from childhood', 'so good' , 'A perfect ending to the book series You can't help but loveğŸ¥²â¤ï¸', 'Love it', 'The Best book Ever â¤ï¸â¤ï¸â¤ï¸â¤ï¸â¤ï¸â¤ï¸â¤ï¸â¤ï¸â¤ï¸â¤ï¸â¤ï¸â¤ï¸â¤ï¸â¤ï¸â¤ï¸â¤ï¸â¤ï¸â¤ï¸â¤ï¸â¤ï¸â¤ï¸â¤ï¸â¤ï¸â¤ï¸â¤ï¸â¤ï¸ â¤ï¸ Love Harry Potter ğŸ¥°ğŸ¥°ğŸ¥°ğŸ¥°ğŸ¥°ğŸ¥°ğŸ¥°ğŸ¥°ğŸ¥°ğŸ¥°ğŸ¥°ğŸ¥°ğŸ“šğŸ“šğŸ“šğŸ“šğŸ“šğŸ“šğŸ“– '"
"10/10 ',' Excellent! ',' I've always loved this book and it just gets better ',' good ',' incredible! ',' Magically good! ',' ğŸ‘Œ ',' Super good book â˜‘ï¸ ' , 'Great', 'Love Stephen', 'Very Good Book! ğŸŒ¿ If You Like Drama, Tension and Fantasy This Book Is For You! â­ï¸', 'Wery Wery Good Book Yeah in Saynwery! Love this book: From me! âœ¨âœ¨ ',' I love Stephen Fry as a reader. Have listened to the books many times just to hear his voice. Best sleeping drug! â¤ï¸Nps. Slytherin Rulez! ',' Best! ',' As good as usual! '"
"Very good and funny but I almost started crying when Dambeldor died "", 'very good', 'good', 'the beste I heard', 'listened through all the books at least 30 times now ...', 'Always as good/top ! â¤ï¸â¤ï¸â¤ï¸â¤ï¸â¤ï¸ğŸ‘ğŸ»ğŸ‘ğŸ»n't ',' Love Harry Potter !! Did it since I read the first book !!! â™¥ ï¸ğŸª„ ',' omg so damn good! ğŸ˜ather ',' very good ',' the books are absolutely incredible! But the biggest star is BjÃ¶rn! Which vote and empathy. You forget that there is only one person reading! ',' Hi ','. ',' So, how well can the Harry Potter books still be so good after type 100 times? Wonderful to listen to! ',' Shit good ',' The story of Harry Potter is amazing! '"
"The whole series is super but this book is the best in my opinion ',' so good ',' pure magic! ',' Best so far Nstephen Fry reads the book with such empathy and nice sensitivity so that you really swallow in, of course most thanks -toy J.K Rowling. NSO SUBBY GOOD TOTALLY ENKECT ',' I LOVE THIS BOOK AND I LOVE THE WAY STEPHEN FRY READS THIS BOOK, It's Just PerfectğŸ˜ ',' ğŸ‘ğŸ½ ',' Aj My Heart ',' I have loved this book and the why it has Been Read by Stephen Fry. ',' â¤ï¸â¤ï¸ ',' Misspronounced as Spells Otherwise Perfect N ',' Good ',' ğŸ‘ ',' Wow ',' ğŸ‘ğŸ¼ğŸ‘ğŸ¼ ',' It doesn't get any better than When Stephen Fry reads Harry Potter! '"
"My child Wilma is so obsessed, she sits all evenings and listens to Harry Potter until she falls asleepgetget. ',' Very good narrative voice. ',' Best book ',' Great ',' I think it was the best book I read so far ğŸ˜ ',' It was really good ',' Bran ',' I love the Harry Potter books I am such a big stick of what I have lots of Harry Potter things at home ',' It's superb nman can relax ',' Super ',' Good ',' It's a very nice book and I love it very much. ',' Damn what good! '"
"It is so bad translation that they become comical. Enough of Harry Potter! ',' ğŸ¤©ğŸ¤©ğŸ¤©ğŸ¤©ğŸ¤©ğŸ¤©ğŸ¤©ğŸ¤© ',' best ',' best best book ',' amazing! ',' Super good and fun ',' love this book has been watching six movies. Love you and your fairy tale is the best story I heardâ¤ï¸â¤ï¸â¤ï¸â¤ï¸â¤ï¸â¤ï¸â¤ï¸â¤ï¸ "", 'my favorite part of Harry Potter ğŸ¤©ğŸ¤©ğŸ¤©', 'so good', 'Wow!', ':)', 'I love That Harry and Black are so kind to each other ',' ğŸ˜˜ğŸ˜˜ğŸ˜˜ğŸ˜˜ğŸ˜˜ğŸ˜˜ğŸ˜˜ğŸ˜˜ğŸ¥°ğŸ¥°ğŸ¥°ğŸ¥°ğŸ¥°ğŸ¥°ğŸ˜†ğŸ˜†ğŸ˜†ğŸ˜†ğŸ˜†ğŸ˜†ğŸ˜†ğŸ˜„ğŸ˜„ğŸ˜„ğŸ˜„ğŸ˜„ğŸ˜„ğŸŠğŸŠğŸŠğŸ€ğŸ†ğŸ†ğŸ†ğŸ†ğŸ†ğŸŠğŸŠğŸŠğŸ€ğŸ†ğŸ†ğŸ†ğŸ†ğŸ†ğŸŠğŸŠğŸŠğŸ€ğŸ†ğŸ†ğŸ†ğŸ†ğŸ†ğŸŠğŸŠğŸŠğŸ€ğŸ†ğŸ†ğŸ†ğŸ†ğŸ† â¤ï¸U200dğŸ”¥â¤ï¸U200dğŸ”¥â¤ï¸U200dğŸ”¥â¤ï¸U200dğŸ”¥â¤ï¸U200dğŸ”¥â¤ï¸U200dğŸ”¥â¤ï¸U200dğŸ”¥â¤ï¸U200dğŸ”¥â¤ï¸U200dğŸ”¥â¤ï¸U200dğŸ”¥â¤ï¸U200dğŸ”¥â¤ï¸U200dğŸ”¥â¤ï¸U200dğŸ”¥â¤ï¸U200dğŸ”¥â¤ï¸"
"I really like Harry Potter, but the thing is that it is more than just the story that makes the books so extremely good. It's J.K Rowling! The way she writes on grips one, and you can't help but love everything. Friendship, courage, betrayal, humor- everything is in it and the Harry Potter series !! This book is good, and as in all audio books about Harry Potter on the Book Beat reader. Just yes, I'm just saying yes! That's all! 'ğŸ¤©' ğŸ¤© ',' It was great n ',' has listened to Harry Potter several times and think they are best and I usually listen to them when I'm free and when I'm sickâ¤ï¸i Love Harry Potterâ¤ï¸ ',' good ',' have listened to all Harry Potter several times and they are always just as good and perfect to go and listen to when you are free ',' I like the most ',' so good ',' it Be the best book I totally love it ',' great book! Have seen the movie and enjoy everything with it. :)) ',' Superbra ',' good ',' good ',' It was sooooooooooooooooooooooooooooooooooooooooooooooooooooooooooooooooooooooooooooooooooooooooooooooooooooooooooooooooooooooooooooooooooooooooooooooooooooooooooooooooooooooooooooooooooooooooooooooooooooooooooooooooooooooooooooooooooooooooooooooooooooooooooooooooooooooooooooooooooooooooooooooooooooooooooooooooooooooooo no no no not not not not not no no no no no no no no no no no no no no no no no no no no no no no no no no no no no no no no noos b O bneating not n """
"10/10 ',' Excellent ',' Love it ',' One of the best of the HP books, masterfully read by Stephen Fry !! ',' Top! ',' The world's best book loves this one must read the rest so we see you Hello then ',' love these books! ',' Listening over and over again. Very good! ',' Really Enjoyable ',' superb book ',' Stephen Fry is best at this. ',' Slay. ',' brilliant reader ',' Top ',' The best book in the series !! ğŸ¤© '"
"Incredibly exciting and with several twists that make it always difficult to put away the book ',' very good! ',' A little slow, but likes the whole story. Good character development. ',' ğŸ˜ ',' Love the series! ğŸ˜ ',' longing for the next book !!! ',' ğŸ¤©â¤ï¸ ',' waiting for book no4. Really captivating! ',' Very good! Waiting with excitement for the next. ',' So good, hope that the next book will soon come with the same reader.n '"
"Very committed reader !! ğŸ«¶ğŸ¼ ',' so wonderful and the reading is so good that you are moved to tears. ',' ğŸ˜ ',' Steven Fry is the best narrator of the Harry Potter Books and in case Asleep with Him Reading Me Harry Potter Every Night. ',' Completely magical ',' love ',' good as always extra good with audiobook on read by Stephen Fry so much empathy and voices 10/10 ',' incredible reading for a top book. I will listen to the whole series! ',' Classic! ',' Super! ',' Top! ',' Great ',' What a fantastic reading !! ',' Harry Potter is a fantastic classic that never gets too old. Very good reading! ',' Chose this book because I wanted to listen to a book in English. It was Harry Potter, which I knew, but never read, neither did any movie. Nightly I am a retirement and usually do not read fantasy, but was still caught by the well -written and imaginative story. '"
"Best as always ',' love it ',' ğŸ¤©ğŸ¤©ğŸ¤©ğŸ¤©ğŸ¤© ',' Wonderful! ',' Is there any better reader than Stephen Fry?! ',' Incredible ğŸ¤©ğŸ¤©ğŸ¤©ğŸ¤©ğŸ¤©ğŸ¤©ğŸ¤©ğŸ¤©ğŸ¤©ğŸ¤©ğŸ¤©ğŸ¤©ğŸ¤©ğŸ¤©ğŸ¤©ğŸ¤©ğŸ¤©ğŸ¤©ğŸ¤©ğŸ¤©ğŸ¤©ğŸ¤©ğŸ¤©ğŸ¤©ğŸ¤©ğŸ¤©ğŸ¤©ğŸ¤©ğŸ¤©ğŸ¤©ğŸ¤©ğŸ¤©ğŸ¤© ğŸ¤©ğŸ¤©ğŸ¤©ğŸ¤©ğŸ¤©ğŸ¤©ğŸ¤©ğŸ¤©ğŸ¤©ğŸ¤©ğŸ¤©ğŸ¤©ğŸ¤©ğŸ¤©ğŸ¤©ğŸ¤©ğŸ¤©ğŸ¤©ğŸ¤©ğŸ¤©ğŸ¤©ğŸ¤©ğŸ¤©ğŸ¤©ğŸ¤©ğŸ¤©ğŸ¤©ğŸ¤©ğŸ¤©ğŸ¤©ğŸ¤©ğŸ¤©ğŸ¤©ğŸ¤©ğŸ¤©ğŸ¤©ğŸ¤©ğŸ¤©ğŸ¤©ğŸ¤©ğŸ¤©ğŸ¤©ğŸ¤©ğŸ¤©ğŸ¤©ğŸ¤©ğŸ¤©ğŸ¤©ğŸ¤©ğŸ¤© ğŸ¤©ğŸ¤©ğŸ¤©ğŸ¤©ğŸ¤©ğŸ¤©ğŸ¤©ğŸ¤©ğŸ¤©ğŸ¤©ğŸ¤© ',' Fry reads so well, much better to listen to English ğŸ˜ ',' Good !! ',' Don't know what to write ',' Harry Potter with Stephen Fry is absolutely great! ',' Stephen Fry reads with great empathy! ', Realy Good! Love the narration! It's like the second time hearing it and it never make you tired!, 'I have never read a better book Must read the Rest', 'Super!', 'Could not be a better voice than Stephens for this book ğŸ‘Œ'"
"Wonderful book and reading. Thanks. ',' I liked listening to this book. Exciting and different. Got to lower the speed with a step for the reader to suit me as I thought it went too fast .. After that it was as good as possible! Recommend this ',' King rock fat very well read is highly recommended ',' exciting book that really took several turns! Fun that Stephen King is still delivering. Liked surrealism and the Lovecraftian elements. ',' Wonderful book !!! Best in a long time and super good reader !!! ',' I really appreciate a fairy tale! Have had a little trouble finding a book I want to listen to but this one suited me. ',' Wow was good. ',' Completely different book than I usually listen to, but a nice fairy tale.Nold clearly worth listening to. ',' Fantastic book. Wonderful fairy tale. Well written as usual. "","" Too similar to Talisman and a little long -winded. "","" Totally ok "","" as a real fairy tale by Stephen King shall be! "","" King "","" Good book. "","" Toppra """
"Nothing wrong with the reader or voice. But this old translation is almost difficult to listen to. Must be time to redeem the new translation as soon as possible. All these silly names hurt to listen to.n ',' a little outrageous with the new translation, but you get used to it. ',' Best ',' incredibly good ',' best book available, reader voice was pleasant to listen to. ',' A real classic within the fantasy. Well read. Not the easiest to do all the hiking songs justice. ',' Good! ',' It was very sick good. â¤ï¸ You got a little sad when it ended. Lucky that there are several booksursğŸ˜€ ',' a little bad sound quality but good story ',' super good ',' good ',' so good book. It's just a little long. Otherwise it is great. ğŸ¤©ğŸ˜ ',' not the best translation of the book ',' It's a classic but it's tough, very much details', 'awesome good'"
"So my God this book. It is intense, sexy, emotional and damn good! I really like that the characters are not so 100% stereotypes but more complex, everything is not black and white. You think you know what is going to happen and how everything works but suddenly it is put to end! Longing to continue listening to this series and really recommends it for those who like fantasy, drama & feelings for good and evil. ',' Perfection. Everything I was looking for. NUPP readers read with incredible empathy. Thanks! ',' Very well -written book! However, recommend a little patience with the construction of intrigue sometimes, thinks it starts sluggish but improves. Sometimes Poppy is also a bit stubborn, but still couldn't help but read more - which is still saying! ',' Exciting with a twist at the end of the book. What sabotages everything is the drawn, in -depth s*x scenes, sad and unnecessary ',' fantastic book, could not tear me away from them. And the reader of the best I've heard. Her voice was so lovely to listen to! ',' OK ... This book is just about everything I needed at the right time .. Want an easy book to come in and some love and drama and so -called aunties !!! It has everything and a little more ... "", 'exciting action with potential. Bitfully slow events that raise many questions and are not answered until the second part of the book. Nonfect romance/love interest, can imagine that it does not suit everyone when it is demanding, intrusive and stretches on the boundaries. ',' So good, read! ',' Very exciting! ',' ğŸ˜ money ',' Good written book, Mkt action ',' Funny and easy reading! ',' Totally crazy !!! NI want the next book now !!! ',' very ya but fun ',' like it. Good and exciting. Highly recommended '"
"Loved the continuation! Good and exciting books. Love the chemistry between them and the prince ',' really good ',' ğŸ˜ğŸ˜ money ',' one of my favorite books !! Love it bigğŸ¥° ',' well written, exciting ',' very exciting. Good reader ',' very exciting and good book! ',' Been completely firm ',' fantastic book that is exciting, romtantic and difficult to put away. The reader is one of the best I listened to! "","" Just love this book !! "", 'Top!', 'Fantastic', 'thought the first book was better and more exciting. Should be exciting with book three. ',' Incredibly good book. Fantastic reader. ',' Very good book reader is one of my favorites! '"
"Amazing, Best Narration of One of My All Time Favorites ',' Andy Serkis is an incredible narrator! ',' Fantastic action and rich, pleasant language. Masterfully read! The Narrator is excellent! ',' ğŸ¤© ',' ğŸ‘ŒğŸ‘Œ Â», 'amazing.', 'Good book. Fantastic reading. ',' His reading is Amazing ',' Andy Serkis is as made for this! ',' Fantastic BokÃ± ',' Andy's reading Here is by far the best audiobook reading I experienced. '"
"So damn good, read after I have seen the series and the book obviously gives a much deeper understanding of the world. Recommended ',' Kanon Bok.NetrÃ¤garen a little monotoma every now and then, but for the most part perfectly OK. ',' Imitation of Walder Frey/ Argus Filch/ David Bradley gets 10/10. ',' The series follows the book very well ğŸ˜€ ', 'Very nicely read. Very calm and nice voice. ',' Love these books, so easy to get stuck! ',' 2-2355324335`13q315554555- â˜† N354-Z5 ',' Mkt good book ',' does not like the reader ',' Dunderbok. Fantastic ',' brilliantly written. Crazy translated, personal names, names of countries and cities are translated straight off. The reader pronounces many words wrong and his melody and tone change between the reading sections. ',' I thought this book was very exciting I had pallets not to read the continuation EVERYONE makes me speak like Game of Thrones before and I hope you Reads listen to the book The other adventure that you have to go and play with the imagination and so it was also far back in time ',' a little better without any Swedish words' knowledge been better. Translation was a few words I reacted to - would have been good with an example. '"
"Very good book and good reader ',' The only thing I have disturbed through the entire series is the reader's way of pronouncing balancing. In some way he gets a g .. Balangsera ... "", 'Super good and exciting seriesğŸ˜Š', 'a little annoying when Bolme changes the pronunciation for previous books ...', 'a fantastic series! As I can read about time and time again! "", 'Good', 'just gets better o improvement', 'super good book', 'very good', 'yes what story it was, among the better fantasy books you heard. Can't go into detail on what I wanted was different without spoiling, but I still give the book 5/5 for both storytellers and readers. ',' Wonderful it is just as good as withered ',' This story is the fantasy adventure that I have ever listened to. There is nothing to complain about. People, elves, dwarves and dragons'"
"Well -written, exciting, cozy listening but Edward is the most unpleasant fucking character I have ever read. WTF DUDE. ""I like to look at you when you sleep"" is not cute it is creepy. He e controlling, angry, abusive, generally foam and tricky, and the only thing Bella seems to like with him is his appearance and his scent. No, still listened to the whole book, because I like the story and the vibon, but fuuuuiick what Edward sucks. :( ',' feet ',' good ',' It was good. As good as the first time I read it. Passionate reader. ' , 'The book is a little too simple. I read it after watching the movies so I think the action in the 1st movie is more energetic than in the book. But the reading is the top and the atmosphere in the book is also good. I'll listen out the series ğŸ¤— ',' read this last when I was 12 so it wasn't quite as good now when I'm an adult ',' Love these books !!! ',' Awsom! ',' Really good ',', ',' Recommends ',' so damn good ğŸ‘ğŸ¼ ',' better than the movies great readers ',' good ',' seen the movies 100 times so thought it was time to read the books too! So much more descriptive and think the characters get a completely different Personality and you get to know them better than in the movie numbered the speed a little on the reader, thought it went a little fast but otherwise good! '"
"Ohhhh no it's overâ€¦. I really loved this book. Ajvide shines with its universe of places, dialogues, exciting relationships and life in its most everyday ways at the same time as that little extra and strange. Thanks John for this book, so sorry it has to end sometime. ',' Fantastic well written! ',' Usually love Ajvide but this book was just too tough for my taste ',' The best book I listened to for a very long time. The book that was last so well written was the last in Ã…sa Larsson's series in the Kiruna area. Every word, meaning and communication in the dialogues in the book are absolutely fantastic. I have cried laughed (mostly laughed) at the characters and their personalities created by the author. Have got several people to read it because it is well worth reading, it raises questions and thoughts and one wonders if there will be a continuation. ',' Highest class, extra fun for me when I lived in NorrtÃ¤lje. Definitely a must to listen or read. ',' WOW! More genuer characters you have to look for. I will miss them all! "", 'Great!', 'Wonderful', 'very well -defined characters. Magically eerie story. Love the way he uses NorrtÃ¤ljeÃ¥n as central to evil residence. ',' Really recommended! ğŸ‘ ',' This book is incredibly nice, even beautiful. As usual, John reads it in the best way. "","" Very well read and as usual a wonderful story, thank you "","" like that in the beginning but the story grew over time and became one of the best books I have listened to. ',' Wonderful book! ',' Terrified lyric enchantment '"
"Good ',' The most amazing books available! ',' âœ¨âœ¨ ',' I thought this audiobook how exciting a lot of action and I hope others read the book or listen to the audio book and it is good to have fantasy and thought it was very exciting but also at the same time cruel was also in the past The time so it is just sickly exciting and I hope others read the book or listen to the audiobook good luck and hope you get a good experience '"
"Don't want it to be over ğŸ˜­ The world's best books !! Will listen to them again in a few years. ',' Huh, is it already over? It was so good that you don't even think you have listened to almost 20 hours I love this goat. I like the goat because it is exciting, contains a lot of fantasy and love. The goat is written at two angles (two people, so sometimes it is about Bella and sometimes about Jacob. I still have to say that the goat ended well and started well. This goat is definitely one of my favorites. I highly recommend this fantastic goat ',' very good series to listen to over and over think it's my tenth time I listen to it since it came out! ',' It was a fantastic experience novel. You can get a picture of yourself special parts of The forest thus when it comes to the description of the environment. What was best with the book is the characters. Be one of them well described by how they look, their characteristics, behavior and and more. The one who reads the novel has a nice voice, as well as she Changes the voice for different cakes. "", 'Sickly good', 'can listen to this over and over again ğŸ‘Œ', '', 'superb,' good exciting, loving, tumultuous and worth reading read ',' so pull ' , 'Have seen the movies several times but never read the books. Now with this book listened to everyone .. They are so wonderfully good.', '+++++++++' '"
"ğŸ‰ ',' good good and enu more good and exciting ',' good book ',' top ',' very good ',' I thought it was like that. But I'm pretty young. Otherwise in the end it got better. ğŸ˜ ',' Top ',' A little hard to understand that he who wrote the books was only 14 years old when he started writing these books. ',' Well done ',' a very good resolution a very good book I think I don't have Read it but fairy tale is good ğŸ¦¸U200dâ™€ï¸ğŸ¦¸U200dâ™€ï¸ğŸ¦¸U200dâ™€ï¸ğŸ¦¸U200dâ™€ï¸ğŸ‘ğŸ‘ manager â˜ºï¸INGALING A half â˜ºï¸old â˜ºğŸ¤£ğŸ¤£ğŸ¤£ğŸ¤£ğŸ˜„ğŸ¤£ğŸ¤£ğŸ¤£ğŸ¤£ğŸ˜„ğŸ˜„ğŸ˜„ğŸ˜„ğŸ˜„ğŸ˜„ğŸ˜„ğŸ˜„ğŸ˜ğŸ˜ğŸ˜ğŸ˜ğŸ˜ğŸ˜ğŸ˜ğŸ˜ğŸ˜ğŸ˜ğŸ˜ğŸ˜ğŸ™‚ccessories that I encountered. ',' Very good book ',' Happiness Third part in the story of Eragon. The books are becoming more and more exciting. If you love fantasy, excitement and romance then the books about Eragon are an excellent first choice. '"
"A modern classic about horror, friendship and comrade courage. ',' Very good book. ',', Almost all the time the feeling that it was too long and extended. But am still glad that I held out as it is now read with a warm feeling in my chest. "", 'Super', 'weak 4. An incredibly grand book that, as always with Stephen King, paints up complex and sympathetic characters. The novel is initially incredibly engaging, but unfortunately a bit long for my taste. The relationship between childhood and adulthood is constantly blurred, but works better or worse in different parts of the book. Regardless of its deficiencies, ""it"" will stay with me for a long time. "","" It was too scary "", 'ğŸ‘ğŸ‘ duty"
"A little difficult to get through some parts but well worth it ',' great! Exciting. ',' Best book in a long time! ğŸ˜„ ',' ğŸ‘ğŸ» ğŸ˜Š ğŸ‘Œ ğŸ» ',' very exciting book ', very good and exciting book with a cruel reader', 'we kiss x puss',' if you have seen the green mile, then this book comes To do the same, you will like it. What an incredible book. Fantastic ',' How does he go about? To keep the thread, the excitement and to get the unlikely. Imprisonment right through! ğŸ‘ Very good reader. ',' Captivating book. The reading is 5 +. ',' Captivating and a good book hard not to read ',' so captivating and good !! ',' a good and exciting book from leaf one until the end.n '"
"Wonderful !! ',' One of the best books I've read and believe me I read a lot ',' Good, exciting. ',' Good exciting book, with a strong head character. Had difficulty and stop reading look forward to and read the other books. ',' Really good. I didn't think. ',' ğŸ‘ğŸ‘ ',' If it's about a cool female assassin, maybe you would have chosen a reader who doesn't make her sound like a joke ... Thanks for the reader's time and commitment, etc. but no this was Not good for the book :( ',' good ',' interesting basic history. However, a little very romantically single -faceted drove. ',' best ever ',' did not really like the male voice ',' the reader with the voice so selena sounds terribly messy and Submissive, could not listen clearly to the book when I found her just too ridiculous. "", 'captivating, listened to a stretch of 1.7x speed', 'overall a good book. What lowers a lot is the Swedish translation.', 'Exciting book, but the voice to the protagonist was not so good!'"
"Good ',' best ',' it's good ',' much more exciting than book 1. also emotionally ğŸ¥° ',' very good ğŸ¤˜ ',' couldn't stop listening ',', 'so good book!', ' Better and not as childish as the first book. ',' Read it over and over again. This is part 2 and incredibly sad. ',' ğŸ¥¹ğŸ¥¹ğŸ•“ğŸ•ğŸ”«ğŸ§²ğŸ”«ğŸª™ ',' I liked this audiobook I hope everyone else reads the book or listens to the book because it shows how love can be and how it feels to be left out and it feels to be betrayed and betrayed by any person I when you can trust and then reveal their secrets and what it is like to be private or who do not like each other and so it is good luck I hope everyone else thinks it was as good and good luck I hope a new one on a good reading experience ',' ğŸ¤Œ ',' I love Twilight Saga and so I have way all movies so just had to listen to the books but loved reading! â¤ï¸ ',' +++++ ''"
"Good ',' very good very nice ',' ğŸ‘ğŸ» ',' ğŸ˜Š ',' very good ', very good and always excitement', 'Super fun !!!!!!!!!!!!! ğŸ²ğŸ²ğŸ²ğŸ²ğŸ²ğŸ²ğŸ²ğŸ²ğŸ²ğŸ² ',' Great book ',' noice ',' Super !!!!!!!!!!!!!!!!!!!!!!!!! !!!!!!!!!!!!!!!!!!!!!!!!!!!!!!!!!!!!!!!!!!!!!! !!!!!!!!!!!!!!!!!!!!!!!!!!!!!!!!!!!!!!!!!!!!!! !!!!!!!!!!!!!!!!!!!!!!!!!!!!!!!!!!!!!!!!!!!!!! !!!!!!!!!!!!!!!!!!!!!!!!!!!!!! If you like the story of the ring then I can highly recommend Eragon! "", 'Good stuff', 'Best best Dragon Book!', 'Remember I saw the movie a long time ago which I thought was good, but was told they didn't go To continue because of big misses, so a few years later I thought that, it is time to listen to Eragon when a polisher talked so much about it. Now say wow what a good book completely sold! Listened just finished. At the second book, it has a hard time stopping listening! ',' It has been easy to understand and hear! The book has been great! '"
"The sound destroyed sooo much unfortunately ... Downloaded or not sounds like echo or that she talks in a tin can have tested different handsets and even two different mobiles. ',' Wonderful book ',' good book ',' I loved. I recommend it !!!! ',' fastened half was sickly annoying as Edward is so controlling and good. But towards the end we learned more about Bella's feelings for Jake. It was very nice and sad ğŸ’”ğŸ˜­ so I put 5/5 for the description of their feelings ',' love these books !! ',' very good and exciting ',' Twilight is the best book series I ever read. Recommend ',' As many times as I have read Twilight books I always forget that this is available. It explains how much this is important to the story ',' foam voice but very good book nn ',' the book is good and has no problem with the reader. But the quality of the sound is really bad. Become like echo and don't sound clear. Such a big difference to all other books. ',' Exciting good book! Can listen to it over and over again! ',' Much better than the movie ',' Legal voice ',' so awful ğŸ˜° '"
"Very detailed description of everything but really good ',' very good ',' snÃ¤Ã¤Ã¤Ã¤la makes a movie for ',' Well it would not have been for safira, had I not listened to it ',' good ',' top ',' very Exciting ',' best! ',' good good bran ',' good ',' one of the best book series of all time, read and listened many times recommends warmly ',' very good. ',' So incredibly good and exciting! Time for Brisingir! ',' Exciting and captivating story ',' very good '"
"Awwsome ',' ğŸ˜ğŸ‘Œ ',' just the best ',' Sometimes there are too much detail and the author freezes in long descriptions of kinds, banquets and environments, but the history and the characteristics make you more like to tolerate these outbursts. ',' I thought this audiobook was very exciting very adventurous and it is good to be able to have a lot of imagination and I hope others listen to the book or read the book I thought it was great and exciting so I hope others do the same thing listen to The audiobook or read the audiobook I thought it was extremely exciting so that yes good luck then reads or listen to the book You must be able to live in the imagination '"
"Lovely reader's voice! ',' Good ğŸ™‚ ',' A fantastic book ',' It is as if you pasted yourself in the book and you enjoy every second ğŸ¤© ',' I want to read it again and it makes me really sorry to There is not a movie ',' very good ',' underbaaaart ',' ğŸ‘ ',' good ',' different and very exciting. ',' ğŸ‘ ',' excitement and glow. Hard to tear me bit by bit. ',' Very good ',' super good ',' exciting and good book ğŸ˜ '"
"Better book is not available. ',' ğŸ‘Œ ',' good reader ',' sick good storyteller! ',' Very good ',' Rolling ',' fantastic book. Read the first time in high school. Good readers, can highly recommend to all even those who do not listen or read a fantasy. Tolkien should all read. ',' Mmn ',' good ',' fantastic book! ',' Good book in the trilogy ',' cash reading, without empathy. Listen to the English version, with Andy Serkis instead. A completely different class! ',' The enlightenment was good but Gollum sounded more goofy than scary and unpredictable. ',' Great ',' a good book '"
"I love it so much. Beloved hobbits ',' good ',' It was good but a little much name and villages in the first book so it got messy. ',' Good ending to the epic series, unfortunately the songs are MeldilÃ¶sa ',' an exciting book - but I wish the songs when they are read is more melodic. ',' So good, best book ',' good book ',' good Reader and a good ending to an epic fairy tale ',' I myself very much like, the story of the ring! ',' Very good! ',' These three (six) books are so much better than the movies than you might think, listen or read them ... ',' I liked this audio book very exciting and sit the construction of the story about the ring I hope everyone else listens to The book or sad and I thought was very exciting ',' ğŸ‘ ',' Top book! Longing to listen to these in English! '"
"Vibrant ', '10/10', 'excellent book with a brilliant reading of Andy Serkis!', 'Andy Serkis is amazing 6/5.', 'A must! ',' ğŸ‘ŒğŸ‘Œerved, ',' Top! ',' Wonderful to listen ',' ğŸ‘ ',' Andy Serkis does it again. Fantastic reading. His many voices and great empathy in the characters because it feels like you really are there. Listen and enjoy the adventure. ',' Read and listened to Lord of the Rings several times before. In the two towers Andy Serkins does not disappoint with his amazing narrative voice and empathy. The fact that he can again run Gollum's voice makes it even more magical. "", 'Best reader! Very good!'"
"The book is really good but sometimes the voice was different than it was before ',' good book! Getting better towards the end! ',' Didn't think I would like it as much as I did, but wow I'm obsessed ',' good book & longing to start next ',' Took a while before in Really Understood the Events in the Book. But it Becomes More Interesting and Intriguing to The End. nthe narrator is good but her voice feel a little young.nmight go over to the second one. ',' an exciting fantasy book! Stuck directly to the characters and the world. "", 'Wonderful book that I read in physical form before. Good reader, and I'm very picky ğŸ˜‚ ',' good '"
"You hear too much background sounds in the book Otherwise it is a good book ',' good ',' incredibly good story with drama in each page. ',' I liked this audiobook and I hope everyone else listens to the audiobook or read the book for I think they are extremely good warm and stylish very exciting a lot of drama and conflicts so I hope everyone else do you too ',' Where is the rest? '"
"More of a language lesson, with elements of a story, considerably worse than you heard ... ',' understands why it is a classic, and it is good to have read it at some point tough book. A little tired reading too. ',' Very gloomy but as a whole, good book. ',' A very well -written book from then, about what we would see in our present. Good narrative voice too! ',' A classic that unfortunately still feels very up -to -date. ',' A must read/listen to ',' boring book. There are enough dictators, fascists and communists in the world. Why fantasize about it in a book? ',' Very good reading of one of our more important classics. A book that will never grow old, hopefully it will come out in new language eventually. Well on all of you prolons! And for you they sit with your nose down in the telescence; NMSB ',' very interesting, you think and compare with today's society. Poltik and religion and how we affected we become. ',' A book that is a must read. There is much to reflect on linked to the present even though it is written in the 1930s. ğŸ‘ğŸ» ',' Very thoughtful! ',' Thinking even if it's a little talkative. ',' What to say ??? I think everyone knows about the book.ï¿¼with quite young when I read it for the first time, but even though the book actually has a validity even today, for example, the political correct elite that governs today that scares people into silence, I probably think the book feels a little outdated.ï¿¼ ',' good ',' It's not a bad book. '"
"Hello ',' exciting and entertaining with lovely drama! ',' For long extended scenes and there is a huge noise difference on the mowing that you can lower the sound. Nen exciting! ',' good ',' I thought this audio book on extremely exciting and I hope everyone else listens to the book or read the book so I hope others do what you have to be able to use your imagination and be inventive so that I think this one was great no one just positive stuff and a little negative but otherwise I thought it was great that it is good so I hope everyone else listens to the book or reads the book '"
"Bad trait to change readers to someone who does not care at all about continuity but changes pronunciation on about everything that can be changed pronunciation. It is hardly so I can decide whether I liked the book or not, as so much of the focus ended up on the reader's disinterest. ',' The book is good, just like the previous ones. On the other hand, you may think that it is not too much to ask for a new reader (Niklas Engdahl) to listen to his predecessor (Viktor Ã…kerblom) before he starts to find out completely new ways to pronounce all the own names to the extent that the listener hardly understands who or What place he is talking about. Absolutely worthy annoying! Did not manage to listen to him the first time I tried, but since I could not find the audiobook in original language, I had to get through his substandard reading after all ... Sigh. ',' Thought it was a little hard to listen to when they have another reader after 10 books. He pronounced some words and most names completely different from the former reader, so had to think about some to figure out what and who he talked about. ',' The reader was very inconsistent with his statement as well as generic and monotone to listen to . The reader on previous books was much better. ',' Missing the former reader. This guy sounds so boring. It took several months to listen through the book. The story is good, but the reader is not good, not a dew. ',' The book is good but up the reading is amateurish, to say the least. Nniklas Engdahl seems to have done everything to change every pronunciation used by previous readers. If you do the least professionalism, you do not do that way. NNBEDRUST! ',' The books are just as good but, it took a while to get used to the new reader. It felt like all persons and places changed its name due to the big difference in the pronunciation. "","" If you change narrative voice, the person who takes over must listen to the previous narrative voice then that they pronounce cities, names and clans with the same pronunciation. Now it is as if it were a whole new book series because of all changed pronunciations, lousy in other words dirty. ',' Name of characters and other essentials are completely up the walls ',' new reader .. new pronunciation ... it will be difficult to get used to it. "","" Wash me surprisingly fast with the new reader. "","" If you change readers in a book series, the new reader should be forced to listen to the previous reader's readings, it is so damn disturbing when a new reader reads and pronounces things completely Otherwise, SP when listening for over 200 hours with a reader before the change ğŸ˜µU200dğŸ’« ',' sin only it became another reader ',' good ',' no no no to the reading. All names you have come to know in 10 (!) Books are now said with completely different pronunciation. Couldn't new readers be inspired by Viktor? Sigh.'"
"Unfortunately, a bad ending to a good book series. ',' Even the strongest man, has a dear that controls his dar. Incredible story. ',' Love this book series. Almost so that it beats the series about ice and fire "", 'a very good series if you can keep the concentration up', 'fantastic reader! His different voice modes for the different characters make it easier to live in the story and you usually hear who it is who talks despite many throws between characters and a lot of replicas. So pleasant voice! ',' The story of Geralt by Rivia is fantastic and a magical beautiful adventure for anyone who enjoys a magical trip with people, elves and dwarves. ',' Fantastic reading ',' good continuation ',' I think that Readers should be neutral, ie not pretending to scream when characters in the book do. The risk is that it sounds cheerful instead, which it sometimes does with this reader. '"
"Love these books! The NUPL reader is really good! "", 'Top!', 'Canon book', 'good', 'Ok'"
"The first part of the series was perfectly ok. But this one was amazing! Also, read as a standalone ',' fantastic book to listen to ',' ğŸ‘ğŸ» ',' good ',' sad that flame must suffer so much, be sexually assaulted and that there is so much war and a little romance. Yet good characters, well written. ',' Long boring ',' as exciting as part 1! ',' Very good book! ',' So good! ',' ',' Best book i heard ',' good ',' good ',' super ' , 'ğŸ‘'' '"
"Good ',' ğŸ‘uct ',' very good experience ',' wonderful ',' Andy sekis is fantastic narrating this epic book! ',' Fantastic ',' Serkis makes an epic masterpiece become any more epic. ' Super good! Andy Serkins has a fantastic narrative voice ',' Best reader! '"
"My books! What have you done to them ?? Isel translation and even worse reading! You don't even follow the booksğŸ¤¬ğŸ¤¬ğŸ¤¬ğŸ¤¬ğŸ¤¬ ',' First Read/Most Listening. I turned off and took a break several times during the introduction. Mostly because of the tone of the reader. The first half of the book was very tough, perhaps most because I thought it was another ""coming of age"" history. Nandra Halvan, after they pulled from the village, was considerably rapid. ',' I don't know why, but I have a very hard time keeping up with the story. Things feel a little lazy, I guess. ',' May happen that the book is good; But the monotonous reading destroyed it. ',' good ',' very good reading ',' exciting reading! ',' very good book and reader ',' good book. Fun to listen instead of reading. The first time I listen to an audio book. Positively suprised. Read Wheel of Time for a long time. Was nice to get an update. ',' Good ',' OK '"
"Great book looks forward to the next part! Hello Namrika Singer! ',' Read before and will read again! Love this series ',' very exciting and romantic! A fun twist and an easy book to fast in. Should immediately go on part two! ',' â¤ï¸U200dğŸ©¹ ',' good ',' 2.5 â­ï¸ing LitterÃ¤t masterpiece but an entertaining story. Easy and cute. ',' Very good book and reader, the reader was empathetic and felt good to listen to :) ',' good book perfect to read when you are sick ',' hahahahahaahahahahahahha !!!!!! Soooo copied and poorly written but incredibly entertaining! ',' Hahaahahahahah, the more fun I read in a long time! If you have read the Hunger Games you understand how copied it! Doesn't even realize it was released. And the language you don't even want to mention! Laughed the whole book! ',' Love this one! It was so good, action purpose message, it inspires me how she can handle everything but generally grows and is so strong â¤ï¸ ',' very basic book with basic language and basic characters. A very beautiful young girl - who does not know how beautiful she is - ends up in the triangle drama. Moderately entertaining unless you have anything else to read. ',' Cozy book! ',' Great, good voice, so excitingaring don ',' fat nice voice ğŸ˜ğŸ˜ money"
"Great ',' Loved the Book, Hated the Narrator ',' Good ',' Bad Narrator. The Book is Good But A bit Depressing at Times. "", 'Senterre is very sloppy and changes names of people and places which destroys the overall impression.', 'Enchanting', 'I have read the books, seen the series but listening gives a brand new vicinity. The reader is absolutely fantastic! ',' Good reader and fantastic book. ',' The book's storyline probably knows most of the HBO series, but the book is so much more. It is not possible to convey a story of this size with a TV series. Roy Dotrice, the reader, would have to practice on his voice register. You are sadly aware that it is an older man from the upper class who reads this book. Women and children sound like old grumpy goats and everyone from the lower stands sounds like slutting idiots. I hope for a re -recording with a good reader sometime in the future. '"
"It is sad that the new lecturer cannot try to use the same pronunciation in names, places, things that previously the former reader used. ',' Niklas Engdahl apparently could not listen to his predecessor Viktor Ã…kerblom, so he continues to find out how the own names should be pronounced, and changes a little now and then so it is difficult to understand what he is talking about. Sometimes he even says obviously the wrong name, (at one point he says Elaida instead of Elayne which is truly peculiar.) ',' Good book but worse reader than the first 10 ',' It was difficult in the beginning to take Name etc. For they were read in a different way so that you became FÃ¤rvirradb got better gradually when you understand that they were pronounced in another way. ',' After two books I have started to get used to the new reader's pronunciation of names and places. ' , 'Hard with different readers who pronounce all names and places completely different ... otherwise nothing to comment on, good book series so far', 'Many names do not have the same pronunciation as previous books, quite irrelevant ...', 'good', ' Still the wrong pronunciation of all names', 'The book is magical, probably the best with the DRAJ is reborn, Niklas Engdahl does a good job as a reader but if you have become accustomed after 10 books it is difficult to change', 'ğŸ‘'"
"The emphasis is sometimes quite strange as the reader does not really think about what he reads. Otherwise pretty good! ',' Entertaining ',' A great book looks forward to hearing the next part ',' really good right through! '"
"I love the books, have read all 13/14 several times, thankfully in English! The translation is terrible and I wonder what models you read forğŸ¤¬ if you can then read/listen in English !!! Everything else is BajsğŸ‘ºâ˜ ï¸ ',' The voice is boring and really does not live in the story, compared to the older English edition ',' The voice does not fit in unfortunately at all. Went over to the English ',' good ',' good ',' Narrator Handles Different Characters Poorly ',' ğŸ‘ '"
"Good series! ',' It was very soothing !! ',' very good ',' mmmm! ',' Third part and best so far. However, the reader misses many humorous elements - sin! ',' Good ',' good ',' ğŸ‘ğŸ˜Š ',' ğŸ¤— ',' it was very good, exciting and eventful. Good book. ',' Exciting good book that has many mixed feelings and information from how Leck lived throughout his reign. ',' Best '"
"Very good ',' nice. A little thin but good ',' good ',' it was good ',' so good book !! This series is my favorite book series so getting a new book was fantastic !! Love loves !! ğŸ¥° ',' ğŸ¤— ',' The whole series is great and exciting. ',' So exciting and so wonderful to get a new book to sink in. Hope there will be many more books by Kristin Cashore ',' very good ',' good Book, but a little different from most three. A little closer to our world '"
"Love books with magic and a good basic history ',' ğŸ‘ ',' good ',' good ',' ok '"
"ğŸ‘ ',' good! ',' Good ',' good ',' as good as before ',' big cred to the reader Viktor, for a tremendously good job with the readout. ',' Just as good ',' yeah ',' Good ',' ok '"
"Great Book ',' The Best Book in the Best Book Series of All Time !!! ',' Nowadays, The Voice Chosen for Missingi is Very Questionable. ',' ğŸGOAT (Greatest of All Time) '' '"
"Great! ',' Very good book! ',' Ok ',' tough introduction after the flight from Shadar Logoht but the second half of the book is extremely exciting and like the first well -read by the reader '"
"ğŸ˜€actually, 'cruel!', 'A bit like a prologue or transport route. Not as good as the two previous books with shorter stories ',' pleasant and exciting ',' have previously listened to the two short stories and this book feels to be different, not as action -filled. But a departure for the main document. Seems that some parts of the book were very lengthy and therefore lost interest sometimes. But the story itself was good in its entirety. ',' Very good book. ',' It is very clear the book is written by a man. ',' Good continuation and brew into the next phase of the series ',' an excellent start to a magical adventure with everything that can be found in a fairy tale world with romance, excitement and drama. A good audiobook. "", 'Wonderful', 'After watching the TV series I was a little confused about where in the action the book takes place. The nm after continuing to listen, I soon forgot the TV series and joined in history. Initially, it was difficult with the reader as I mainly listen to English but now I think he is great. It's an exciting book that just gets better. '"
"One of my absolute favorite books, a good voice and also desktop it ',' one of my absolute favorite books, listened several times now. Good voice tooğŸ˜„ ',' Classic that holds yet! ',' Good book. Reader talented but somewhat strange choice of voices for the characters. "", 'Super good end', 'good', 'I liked this audio book very exciting and very funny man get a very good laugh and more imagination that I fit the very pain point or Reads and I hope that more people do because I knew it was very exciting very exciting ',' cany and bad sound. Otherwise good. "", 'Fantastic interpretation of Gollum, but does not understand why all the dwarves should talk as children?!'"
"Always on the Top of Every List of Good Fantasy Books. Engaging Charactera, Lots of Twists and Turns and An Amazing Story Line with Depth. A must, especialy when so well read out. ',' Nice reading. High tempo, lovely fantasy and interesting characters. A must for the fantasy lover even if it does not reach the highest quality such as George RR or R Scott Bakker. ',' The story of the ring meets Shogun. The entire series that starts with The Riftwar Saga comprises over 30 books. This is the first. I keep them for the best on Bookbeat in the genre. "", 'The Voice is Smooth and ENGhing and the story is amazing!'"
"In Loved the End. But Most of the Book in Found Pretty Boring ',' Absolutely fantastic! ',' How many times can you get whiplash from one book? ',' Mkt good book ',' Absolutely amazing. Really recommend '"
"Super -exciting and good! ',' ğŸ‘ğŸ¼ ',' The reading does not seem to be the whole bookâ€¦ ',' good ',' terribly good book, but still stressed reading '"
"I hated how America was desperate about her feelings for Maxon. And the book in the beginning was very difficult and a bit like boring but the end was much more fun and more exciting. I really want America to stop having Aspen in the thought I just want her to think about Maxon. The first was more exciting with it is also good. Hope for improvement to the next. ',' ğŸ˜¬ ',' superb book and reader. ',' Good book looks forward to the next ',' hahahah still as entertaining as book one. But all this wealthy is so boring to listen to and the rebel attacks are very poorly described, you get no feeling that they. ',' So exciting book !! Really recommend. ',' Wow ',' so sickly exciting book, many 'plot twists'! ',' ğŸ˜ ',' ğŸ‘ ',' a fantastic sequel to ""Cermonin""! Kiera Cass really touches on the reader with the book. And the end is very unpredictable. I really recommend the book. If you like the Legend series and The Hungergames then The Selection is perfect for you. Looking forward to listening to the next part of The Selection which will surely be at least as good plus more drama! ',' As good as the first part of the series. Very entertaining and definitely readable. ','. ',' The excitement continues in a dignified manner ',' very good sequel ... on to part 3 '"
"Very Nice ',' All well. ',' The reader has difficulty with pronunciation of names and places. ',' Grate Book Grate Speaker ',' Konge Bog. Cannon opaque '"
"Cannon ',' fantastic story and narrative voice and empathy ',' good. A bit slow. But should start with the next one right away. ',' Good ',' ğŸ‘ '"
"The book is so cozy to read and so filled with exciting people and personalities that it would keep even without the vampires! ',' Very good reading ğŸ˜Š ',' exciting on different ğŸ˜ƒments ğŸ˜ƒments, 'The book is absolutely amazing. Really typical Strandberg ',' totally okay book but too long. I was bored during the last part of the book. It should have been compressed. ',' The tone of the book is one of the best I've read. Especially the cousins â€‹â€‹with their own worldview and language. I would have liked to have seen these portraits develop in peace. I was prepared for it to be a horror, but not a disaster book where life is super cheap. I lose commitment when these finely chiseled portraits are destroyed in a single bite. "", 'Good and exciting book', 'perfect book voice, created good empathy and visuialized sharply. Love the end. ..ğŸ˜‰ ',' This is a book I was on my way to finish because of the reader but suddenly he took and made a mediocre book for a perfectly ok book. However, the recognizable cruise tourists/guests on Finland's boats were nagged. '"
"Good and excited book that is really well read. Highly recommended for real fantasy lover ',' good shit ',' they just get better and better ... ğŸ˜Š ',' fantastic reading ',' a fantastic fairy tale about adventures with people, elves and dwarfs and I think there is a lot to find In the book that explains how a magical masterpiece can open up to people who believe in people, dwarves and Alvers entry into a fairy tale world, 'keeps the red thread'"
Super good'
"Good ',' Super ',' ğŸ‘ğŸ» '"
"Still my favorite books in this genre! ',' Good '"
"Shit was good ',' very good ',' good ',' The series just gets better and better ',' The story about Geralt and Cirilla is fantastic and a good choice for anyone who wants to experience an adventure with magic, imagination and excitement ', 'Well written but incredibly poor translation on a witcher. Witchcraft sounds incredibly lame. As well as bad names on different monsters. Good that cities and areas had to keep their names from the original ',' fantastic reading ',' GÃ¶rbra ',' felt like a transport route ',' ğŸ‘ ''"
Fantastic '
"It does difference from the movie trilogy and does give more dept. The Narration is Quite Near Perfection! nnit is simply amazing. ',' good ',' like the story of the ring light, very good realization and fantastic recording of Andy Serkis (the voice for Gollum). There is really a huge difference between book and film ',' Excellent Reade ',' an extraordinary story read by an extraordinary voice! ',' Fantastic reader! ',' ğŸ‘ ',' first had difficulty with the reader but after getting used to He turned out to be amazing. Curified this book when I was young but surprisingly little you remember. "", 'Wonderful', 'A fantastic adventure that is so wonderful to listen to!', 'Fun Story for Sure. Andy Serkis is such a good narrator! Amazingly well! ',' An immortal classic ğŸ™‚ ',' Better reading you have to look for a long time ',' I love the book, Andy Serkis is so good reader for this book ',' recently listened to the Ringen books in Swedish, but will listen to in English after listening to this. Andy Serkis is a perfect reader who understands the world of Tolkien (and Gollum's voice does not hurt), it becomes an empathy beyond the ordinary. '"
"ğŸ«¶ ',' Don't want it to end ',' got stuck right away! ',' Very good book! Suitable for teenagers I would say because the main character is 16. ',' ğŸ˜Š ',' very exciting. Like this type of book. Fantasy, excitement and romantine. ',' It is very good and very exciting recoverterğŸ‘ğŸ˜ ',' This book was exciting, fun and a bit of a shudder! Really recommend! ğŸ‘ğŸ¼ ',' good ',' It was good ',' I am 10 years old and I thought it was so so good, it was exciting and I like how nonchalant type the whole story was! Recommended! '"
"A great continuation and good empathy by the reader! "", 'Great Book.', 'Wonderful reading', 'Doing GOOD', 'The Legend of Geralt is fantastic! This book was, like the first and second book, a successful fantasy story with adventure at high excitement. Nothing to complain about. ',' Holding the red thread '"
"Cannon ',' top ',' exciting ',' good ',' ok '"
"Have played the games before so it came naturally to want more of this fantastic story ',' ğŸ‘ ',' The Swedish translation limp a little when you are used to the English. You quickly get tired of hearing the ever -repeated ""witchcraft"". However, the nn stories themselves are amusing. ',' Okay reader ',' Fantastic reading! ',' Good! ',' Do good ',' Good readermberledge qual now Very good. ',' Great reader ',' good ',' good book read by a person with good empathy and good quality of recording. Nothing to complain about except that the chapters seemed to return? The person did not read Chapter 6 but only 6. So was a little difficult to keep up with when he changed chapters also did Chapter 6 seem to come several times? Nnannars very satisfied! :)', 'Super good'"
"Apart from the fact that I still disturb how he pronounces own name one, he very often puts the wrong emphasis on sentences so that it does not make sense. Sigh. ',' .. ',' Incredibly sleepy voice. Monotont read and without commitment. The book is incredibly good though. ',' Good ',' nice book '"
"ğŸ˜¬ğŸ«£ ',' best ',' very good book ğŸ‘ ',' good story and great mix of different characters. The only thing I have a negative criticism of is the language of the dialogues. The author replaces swear words and the like with invented words, which in my opinion makes the language feel cramped. Otherwise a very good science fiction story. "", 'Super exciting can't stop reading now is 00.24 and I should sleep but can't stop. Nom the sickest is that all 5 books (which are just as good) came the same day', 'good ',' Good ',' I thought it was very exciting, you came into the book very quickly and you have to think a little and try to understand all the questions contained in the book ',' Dystopian books your thing is this to recommend NBRA and captivating read '"
"Excited, lovely and dramatic! Classic but at the same time with twisting elements ',' very good really good but so sad at the end. Was very happy that Maxon and America became together but became sorry for many others in the story. ',' ğŸ˜­â¤ï¸U200dğŸ©¹ ',' I liked the books exciting sometimes but I sometimes wanted to flush to know what's going on ',' Njaaaaaaâ€¦ Very copied from the Hunger Games and a lot of screaming but OK end. ',' Best book ever, so fucking bran ',' incredibly good book that is both gripping and emotional ',' super ',' how good ',' ğŸ˜ ',' sooooo yeah good, the whole series. I. Melts ',' very good like it.n ',' ğŸ‘ ',' The selection is drawn to its end and Maxon has to choose his future wife. Who should he choose? Should America get her prince or not? While the selection is in progress, the rebel attacks do not end, but what should America do if she thinks they are right? The chosen is the third and final book with America as the main character but there are two more books in the series. It is a fantasy and dystopian book that is primarily aimed at young girls, 12+. ','. '"
"The book is perfectly ok but a bit tough. Horror, a little tough ',' nice story, pigs good read as usual. ',' good book, good read! ',' If you like King, it is clearly worth listening to. 15. ',' Enough exciting to keep reading but no nail -biter. ',' King is just a Kingn reader = ğŸ‘ğŸ‘ğŸ‘ ',' very good ğŸ‘Œ ',' right ok book ',' very sad. ',' Very special book, no kiosk stroller but a little fun. Not one of his best, a slow story. "","" Interesting "","" If you like King you like this, thought it was easy to get stuck in. """
"Only got better the second time you read it, readers are fantastic and of course one of GRMM's best books., 'Bre', 'Good', 'Great Book But Incosistent Narration', 'Wonderful!', 'Wear mixes the characters' voices, which becomes very confusing. '"
"Different YA book with interesting characters. "", 'Lina', 'This is my new favorite book and I absolute adore the auther. I love this book !!!!!!!! NN100/10 Its so good! Nnand its a bit spicy so perfectâ¤â¤â¤â¤â¤ "", 'so good', 'a little bit weird at some points through the Book But Otherwise It was Pretty Good ',' Amazing '"
"Exciting. ',' The story is good, but sometimes had a hard time for the author's style. A lot of parables and repetitions of words, when listening to the book they become a little annoying but possibly that you get a different experience of reading it ',' tiring with all the repeat of words. Otherwise OK ',' I COULDNR'T STOP READINGING ing, 'very good', 'felt a bit like being inside a dream because of the way she writes and unfortunately not in a good way. Quite tough story first 60-70% of the book then it got a little better. ',' ğŸ‘ŒğŸ¼ ',' one of the best book series â¤ï¸â¤ï¸â¤ï¸ ',' ğŸ‘ ',' is a series I really like. ',': ': ) ',' ğŸ‘ ',' A really exciting book you don't want to put down. Mine just want to know immediately what will happen in the next book :) ',' good book '"
"A masterful work, difficult with all the names but just chewing in because this is nice if you keep up ',' very disturbing with the completely incorrect emphasis in the Spanish names ',' a full -fledged masterpiece of magical realism ',' good Book. Many characters to keep right on. Well read, but difficult to pause sometimes. ',' But I didn't take anything. '"
"One of the best books I've ever heard! Fantastic! ',' A fantastic story. ',' Good ',' Lord God ass, 'fantastic book, impossible to release', 'a masterpiece in itself. Timeless classics, difficult to put away. ',' Incredibly good as usual guyğŸ‘ğŸ€ ',' love the book and the movie '', 'good story and very good reader but a little rough language', 'good read and gripping history'"
"IM ON MY SACOUND READ IN THIS Series. Its a work of art. I love these books and the character. "", 'Fantastic!', 'Fantastic nice!', 'Hobb can describe and make a medieval contemporary like no one else. It is fantasy because her story is fictional but the world feels almost more real than our own. Wonderful.'"
"The books are still good but, it feels like you just want to extend the series. One should describe everything in the smallest detail. ',' Good '"
"Sooo Good "", 'Absolutely Wonderfull!', 'Great ğŸ‘', 'Bogen introducer oaktmt mange people and it is some tunge to come again by the first one. ',' The first 3 books in the series are probably so full of different names to keep track of. But it is in this book George R.R. Martin puts in the 6th gear and really pepper the reader with names, places and events that are sometimes difficult to keep in mind at the same time. A Feast for Crows is slightly tougher than the previous books, in my opinion, but widen the world and the people in it absolutely excellent and offer classic R.R Martin brutality and cliffhangers. '"
#VALUE!
"Poetic and Sensual About Teen Angst and Love in a Dystopian World. "", 'Very good book', 'The Best Book Ive Ever Listened to', 'So Heavy', 'Aaahh Warner >>>', 'An extremely good book With excitement that I sat for 11 hours in a row and listened to superbreader ',' very difficult narrative voice, sounds totally sick as she talks. Can hardly be listened to. However, the book is very good. But I'd rather read it myself. '"
"Better story in this, a little sluggish sometimes but good. Still have a hard time for the writing style sometimes. And a little difficult for the reader at times ',' exciting ',' good book ',' great book ',' just the top, there is no other word. ',' ğŸ‘ ',' love ',' a little tough ',' voice was A little too old because the book is written in I form and I-is 17 years! It sounds like the reader is 40+ ',' a book that tells us who is evil and who is good.Nom secrets and truths. Nom an unbreakable love.nen book about a struggle to freedom and to find itself. ', 'Very tough book, where nothing will be as you hope. Hands kind of an exciting thing throughout the book. '"
"ğŸ«£ ',' ğŸ‘¨U200dğŸ¦½ ',' I want to have my life time for a book of ',' incredibly exciting !!! ğŸ˜ğŸ˜ Remune to anyone who likes dystopias !!!! ',' good book series and absolute best reader. !! ',' fantastic book ',' in the style of a really good horror movie. Hard to tear yourself away. ',' Good ',' Dystopian scifi ',' strange exciting! ',' The whole book series is fantastic !! The reader's voice is as nice as any! Can't tear yourself away! Highly recommended! ',' It was good at first but then it got a bit boring but in the end it became exciting. '"
"Very exciting ',' so really great, so really good, but so so bad ğŸ˜­nnmen good ğŸˆğŸ± â™¥ â™¥ ï¸ğŸ‘ ',' good ',' good ',' loves the excitement and the Warriorsn best book ever names the names as fire heart and gray Randn ',' a tangible book with lots of unexpected events ',' this book can only be lit over and over again. And if you read the first book you read the whole series.ğŸˆğŸˆğŸˆ "", 'Best book I have ever read', 'Best book ever', 'The adventure is fun and spinning ğŸˆğŸˆğŸˆğŸˆğŸˆğŸˆnheja EldtasğŸ’“ğŸ’“ğŸ’“ğŸ’“ ğŸ’“ğŸ’“ ',' This is the best series ever !! I have listened to all the books in the series four times now !! And I never get tired. Listen for a while and you're stuck! I absolutely think you have to listen to it if you haven't already !! â¤ï¸â¤ï¸â¤ï¸ğŸˆğŸˆU200dâ¬› ',' It is good and exciting ',' super good ğŸ¤¯ ',' perfect ',' I started reading warriors 4 years ago and has read everything except the latest book, do not know how many times i have listened to it here but never tire! '"
"Storm steps into the next book â£ï¸ ',' ğŸ¤— ',' so exciting oh so sad. '"
"Captivating ',' very bad book ',' great book. Exciting, gripping and very well written. Highly recommended ',' good and captivating but I just don't think it has that little extra that makes a book fantastic ',' exciting book ',' great and exciting book. A little to the Hunger Games. Unfortunately, the reader destroys a lot of the story but clearly worth listening to. ',' Not read/listened to a book of maybe 4 years! This one was really good if you like titles like the Hunger Games and DivergentğŸ˜ ',' ğŸ˜ğŸ˜ ',' good excitement and intrigue ',' The book seemed good but had to stop listening. A advice to the reader: Change phrase melody at some time. As Chinese water ortyle to hear exactly the same intonation on each sentence. And a pretty good thing to top it all ... "", 'love it', 'exciting book! Although it can be a little difficult to get into, it is clearly worth reading! '"
"Difficult to Follow in the Begginning But it was Worth Worth Waiting for the Unfolding of the Story. ',' You will be very easily withdrawn if you do not have difficulties for English. You found the whole series. Good reader. I should read the book. Thought a character was called Giselle, that is not the case. ',' Incredible reader and book! A must! ',' I read a lot of fantasy and this is one of my absolute favorites. The characters are incredibly colorful and brutal. Night will not be worse because the reader is fantastic with different dialects and shades. "", 'Asbra', 'really good and exciting fantasy, wonderfully committed and good reader!', 'Best reader I've heard. He does the voices incredibly well. ',' For me, the book was mediocre fantasy. The book felt like a single long introduction of characters whose adventures may be launched in the next book. (?) The dialect of the nn -reader I experienced as rough, which initially made reading at higher speeds. The worst was the reader's wide variety in speech force; I had a constant need to adjust the volume when the reader went from whispering to shouting. '"
"Difficult reading made the book feel worthless', 'good', 'so brutal end ğŸ˜…'"
"Rob Inglis is phenomenal! ', Don't Really Like The Narrator. He does not have a lot of voices so it's a bit hard to tell who is talking., 'It doesn't get any better than this',' Good Book ',' Brilliant Reading. ',' BEST BOOK EVER '"
"The importance that the series does not end here.â˜¹ï¸ apparently more books that have not been translated. "", 'Yes, deliver the last book now!', 'Wish that the remaining books in the series come in so you can listen clearly even if it becomes in English. ',' Fantastic book series. Well worth listening to but wants the end. If not in Swedish then access to English version would have been appreciated. ',' I would like the continuation ğŸ˜­ '"
"ğŸ˜¨ ',' totally ok book series. Really good reader. !! ',' good ',' exciting! '"
"Just the best ',' love the book series but must say that the last book was not as good. Incoherent and sloppy stories. Do not tie things up from previous books that I had hoped for. ',' Really exciting book, and good reader ',' The Legend of Geralt by Rivia is fantastic. The book is a good choice for people who enjoy magical adventures with magic, romance and imagination. "", 'Wonderful reading', 'good', 'good book, but he sounds strange when he is going to"" scream ""', 'when readers try to let screaming when someone in the story screams it won't be good, it just sounds grumpy '"
"Exciting, readable. '"
"Good ',' ğŸ‘ '"
"If you like Lotr, you appreciate this ğŸ˜Š ',' ğŸ˜ ',' that man knew the art of weaving words and spinning stories. ',' ğŸ‘Œ '"
Good'
"Good ',' the best book so far. Really good readers too, unlike some previous books. ',' Extremely good reading '"
"Good voice and fit really well for the roles in the book This was my first audio book and I was very satisfied narrator appropriate really good ğŸ˜ ',' the best reader I heard! ',' A real classic! Nightly worth listening to great readers! ',' Good empathy of the reader that makes the story interesting. Highly recommend! ',' The first time I read Dracula I couldn't put it down! Something that is a little different about how Dracula is written is that you get to know much of the story via the different characters' letters and notes to each other. You are a classic that is worth knowing, there are many exciting scenes and interesting characters to take Part of! ',' Very good book. ',' Would not call this terror anymore as an invented documentary. ',' A very exciting well -written classic. The reader has also done a cannon job. '"
"Astonishing ',' a good cifi but also a conceivable book about human nature, about our love for contrasts etc ... ',' I liked this book I ate everyone else read the book or desire The book Exciting Browing is conflicts and a lot of action And I love and some fights I hope you Olympia ',' would like to see more in this style of Meyer, instead of continuing with a series that has been over for a long time. The present reading is quite difficult as it varies in brightness, positive to read with empathy but it goes from almost whisper to loud exclamation. '"
"Good Book. ',' Tough book, but loves this whole world. I thought you did not translate names since then, but I guess I was wrong. ',' Previously read the books in English and played the computer games, translations and names maybe cut a little for me but good otherwise. ',' ğŸ‘ğŸ» '"
"Poetically Written About Teen Angst, Messy Relationships, and SuperPowered People Trying to Save a Dystopian World. ',' You heard when she changed the page all the time. Be good ',' too good !! ', 'So good!'"
"Awesome book. ',' Poggers', 'One of the best readings I've heard', 'Best'"
"Good story, but stylish language, especially when the people in the book talk. ',' An exciting book, and thanks to Kristina's pleasant voice, which gives both shivers, inner pictures, makes it very easy to go on Eira's incredible journeyğŸ¥° pillar After the continuation and magic ğŸ¤©active, 'Fantastic book !! Longing for part two. ',' Exciting, strange end. ',' Very good ',' wonderful book! ',' Exciting, waiting for the next book ğŸ˜ ',' super exciting, looking forward to the sequel! ',' Fantastic ',' Although this can be classified as a youth novel, I, as an adult, get more out more than I often get from the horror novels that are intended for adult audiences. It arouses a space for imagination that I have not experienced since I read books in my teens and early adulthood. Highly recommend this book. The author reads the book on such a good and soothing seen that you can listen to her for hours â¤ï¸ ',' which book, completely in my taste. An easy -to -read but beautiful fluid language. Nintriger that builds up the more you read. Nupptappingen at the end made it difficult to put away. It makes it crawl under the skin. You end up with the characters there and then. Neira Martell girl of the darkness is suitable for a younger audience, young adults but also aunts like me. / Sofie ',' I have a hard time finding words after reading the book. I felt it would be good but this good? Jisses! A several hundred year old Grimoire that only the girl of the darkness can open. A young man with a horrible past who for some reason is drawn to Eira and at the same time collaborates with men who do not seem honest nnalling I wish in a darker fantasy I got in this book and what cliffhanger it left me in then. Give me book two now ',' Kristina has the ability to write a book that makes one long for more. In part, the cliffhanger, which she leaves us with a big reason for it, is also how Kristina wizards us with her words. The one in the first chapter we know that we will be able to follow on a journey with many roads, but in the end all these roads will lead to the same place. Noch what a trip it will be. We go through rugged tension, nasty spirits and flashbacks that give us answers to all our questions. A mystery that is built up and that is with the last word. But the book is so much more about than being frightened, it is about friendship, family and secrets. And the environments feel so beautiful. Nightly, it feels like I'm in a spiritual wind between Disa's stone circle and the presence of many spirits in different eras is with me. "", 'Exciting"" mysrys "". It ends so exciting that I would have liked to have the continuation at once. It's a little horror, but rather ""Mysrys"". """
"Extremely childish ',' ğŸ¤©ğŸ¤© ',' really like the book ',' prom ',' It was really goodaaaağŸ˜âœ¨ults"
"Best book in the entire series', 'good', 'still doesn't like the reader'"
"A little tough, hope the last part offers a good ending! ',' It feels like the story is moving forward in snail speed. Almost nothing about the dragon's story is taken forward. There are more side characters that take place and are told about. '"
"Fantastic book series! ',' Aswesome ',' ğŸ‘ğŸ» ', it's been an amazing Journey Reading this book Series, My Heart Have LEAPT with Joy and Been Shattered to Pieces From Sorrow. Just Amazing."
"I Wanted The Same Male Narrator as the First Two Books in the Series. ',' Great story. ',' A wonderful book that is well -written and eventful. The readers read so well with different voices so you hear who is talking. Nice end to a long good book series! '"
"Really Liked the Narrator. Made it easy to follow and had a good tone. Audio/Sound Levels Could have been better thought. Love this series. On to the next trilogy. ',' ğŸ¤© ',' fantastic book! What an end to the trilogy! ',' Really Good, but a bit Wordy in some Places. ',' Wonderful series with a fantastic reader !! Exciting, magical and well written! '"
"Highly recommend ',' Fantasy at its best ',' so good! ',' Wonderful book and reading! ',' Top ',' Good book! A little different and more complicated story than other similar books. Worth reading/listening to! ',' Very good book! Exciting! ',' Exciting ',' When I started this I was skeptical, it started as so many others usually and it usually makes my interest disappear. But not this one, but it grabbed me and grew me deep into its fairy tale and made me fantasize everything possible in its world. Highly recommend this book for those who want to listen to a little interesting and original fantasy. '"
"Good ',' good ',' good ',' good ',' good written ',' a good science fiction book that kept the interest up all the time. '"
Skeptical as I was at the beginning of discovering that this was rather a history book without deeper scenes and dialogues so I could hardly tear myself as the action is so captivating. NNSIMON (reader) also contributes an incredible elegance to telling the stories! '
"SUUUUPER BRAğŸ¥³ğŸ¥³ ',' VVV ',' The best book of the world ğŸ“– in the universe ',' ğŸ‘ğŸ»ğŸˆU200dâ¬›ğŸ‘ğŸ»ğŸ˜ƒğŸ¤“ really very goodğŸ˜ƒ ',' good book. ',' Best book in the world ' , 'The best ever, now I have to read next!', 'Best book! ğŸ¤©', 'It's good !!!!!!!!!!!!!!!!!!' ',' good ' , 'Very good book very exciting', 'I love how they describe how a cat's life can be', 'This book was very exciting I can't stop brightening on it', 'very exciting book', 'The narrator's voice fits so Well: DN-Warriorsfan '"
"So good! Readers make the book even better and more creepy. ',' ğŸ˜€actually '', 'unusual story that raises many thoughts about getting old and a desire not to end up on the pine shadow. Recommended ',' super exciting ğŸ˜ƒEL '', 'totally okay', 'The most terrifying in Mats Strandberg's home is not the supernatural elements the book contains, and which should not be revealed here. Instead, it is probably completely realistic depiction of Swedish elderly care. It hurts to read.nnstrandberg is a master of dialogue that feels credible, genuine, natural. The figures and their mutual relationships are sensitively drawn. It is a nice and sad and nasty book, skilfully read by Johan Ehn.ne supernatural elements I could have personally been able to be without, even though I understand that they can be interpreted in several ways and that the book without them had become a completely different one. At the beginning of the book's second half, the story is swaying something in excitement and pace, it gets a bit tough for a while, and then gradually gas against the resolution. These minor objections, despite, I think the home is a particularly reading and hearing novel, and I would like to recommend it. "", 'Nothing further', 'I regret but this book was completely useless, no excitement or points at all. It was wasted hours. "", 'Superb suspension novel!', 'So exciting and real -life book. Have read it a few years ago and could not stop reading. Was so happy when it fanbs hear on bookbeat ',' felt slightly tough. ',' Love this'"
"Thoroughly enjoyed! ',' Title '"
"So good ',' ğŸ™ˆğŸ‘Œ ',' I hope the following books are just as good. ',' Very nice bon cription, 'sooooooo good. Best in a long time, on captivating '"
#VALUE!
"Fantastic ending ',' ğŸ˜Š ',' think the series is pretty good, but it feels a bit like a reprise of the Mortal Engines series. Probably wait to read Part 3 & 4, unfortunately not enough swallowing story. However, like that neither this nor the first book ended with a cliffhanger. Then you don't feel compelled to continue. '"
"Wow ',' I liked it ',' Superbra â­ï¸ğŸ¦„ğŸ•ğŸ’ğŸ’ğŸ’ğŸŒ¶ğŸ¥œğŸ§‡ ',' Loved this book series â¤ï¸ â¤ï¸ ',' A fantastic ending to the biggest adventure I have ever listened to. An adventure Saga who offered very surprisingly experiencing. For those who can never get enough of excitement, it is a successful ending. The audiobook the reader, together with the story, receives a top marks from me. '"
"In Like the Series and the Story, but it was a bit difficult to get through as in Lost Concentration at Times. Still Brilliant! I just wanted some more life from the narrator ;-) '"
"I really liked the story. Had wanted a little more romance but it feels like it could be more in the sequel. A little tough in the beginning but about 25% in it took off and after that it was not possible to stop listening. I definitely prefer the ""From Blood and Ash"" series but will definitely listen clearly to this series. The reader was good but I annoys a bit on her ""male"" voices. Everyone sounded the same and with a rough sound that I didn't really think suited all the characters. She made the female voices great! ',' Good! ',' I Loved it! '"
"Definitely worth reading ',' ğŸ˜ŠğŸ˜Š Absolutely okay ',' for banal ,,, no depth feels like it is repeated what happened in the first book ',' I am so impressed with how to live in the story, Highly recommend Absoulut ğŸ¤© ',' the world's best book series! '"
#VALUE!
"Dangerous Stereotypes, Objectified Women, Toxic Masculinity and Bad Story Writing.Nndo Not Read ',' Very well written with a beautiful and interesting personal gallery and well -thought -out magic system. The readers varied a bit well in skill ... "","" Wow what a lot of surprise what in the book in terms of everything "", 'amazing!', 'Rating 4.5. Well -written contemporary fantasy with magicians, secret societies and a group of young people competing for membership. Characters and relationships feel original with an adult, realistic tone in the midst of all the magic. ',' Quite a lot of clichÃ©s here. '"
"I loved the book. The very story bag perfectly. But when he read the book, he said wrong a few times. It is understandable, but the car is a bit strange and so you have to think a little about what he said. But the book was 5/5 ',' likes the other voices more but very good book ğŸ“• ',' ğŸˆğŸˆU200dâ¬›ğŸˆğŸˆU200dâ¬›ğŸˆğŸˆU200dâ¬›ğŸˆğŸˆU200dâ¬›ğŸˆğŸˆU200dâ¬›ğŸˆğŸˆU200dâ¬›ğŸˆğŸˆğŸˆğŸˆ ğŸˆğŸˆğŸˆğŸˆğŸˆU200dâ¬›ğŸˆU200dâ¬›ğŸˆU200dâ¬›ğŸˆU200dâ¬›ğŸˆU200dâ¬›ğŸˆU200dâ¬›ğŸˆU200dâ¬›ğŸˆU200dâ¬›ğŸ±katt I love you !!!!!!!! ',' Super good man can fall asleep to it. And there is a lot of excitement ',' very good, love it and could actually listen to it! ',' Tt ',' Super book that I tip everyone! ',' Sooooo good !! ',' it was very good And Hunter has really managed to make one feel a lot of emotions in the book. "", 'The world's best book number in the end', 'good book !!!', 'best', 'super good', 'rusty voice', ' Good'"
"A third into the book I understood that it would be one of my favorites, then just got better. A fascinating world, the most well -written human characters I read in a long time and complex and multifaceted relationships between people. About the cruelty of man and the world, about the desire to live after all, about injustice and stones and broken people. Nnfantastic book, cannot recommend it enough. (But if you are looking for a book with romance and joy in the center this is not it) ',' unexpectedly good! Interesting language and pretty nice characters. Sometimes reminds a bit of Sorokin's snowstorm. ',' A little tough reading for my taste but listens in 1.25 because then the reading will be perfect for me. Nbra book that felt a little messy to begin with but after a while, he explained himself. ',' Overall a good book in the sci-fi genre! It was a little difficult to get into as there were many concepts and phenomena you had to understand. To be a whole book, it doesn't happen so much, but it feels most like a foreplay for the next book, but still worth reading. When you read the book you do not know until the end that there is actually not so much that happens so it is still exciting and in some parts you could not tear it away. However, the book requires that you read a lot between the lines and some things you wish you were a little more obvious sometimes (but it might just build the excitement ...) ',' Best I listened to ',' fantastic good book, but frustrating slow reading ( 1.25 speed worked well!) ',' Really good. ğŸ‘Œ ',' tough book. Many hours in before it started to get interesting. A little messy story. Good imagination that holds together and that has lots of potential, but readers are tough and the story is told in a way that it feels like it is a single character that tells everything so it rarely becomes dialogues. ntror that this is best as a reading book. '"
"Cannon superb, thanks Mr King !!! "", 'exciting ...', ',' Thanks Lennart for good reading! ',' Unnecessarily long but still good. ',' Incredible book! A little difficult to get in with many names in the beginning but once you are over it is incredibly exciting. ',' A book that mixes fantasy with psychology. How man can be manipulated in certain circumstances. And that stress can trigger unparalleled events in large and small. "","" The passage of time has not benefited the book. "","" Likes that things happen already at the beginning of the book, liked it! "", 'ğŸ‘', 'I was so surprised When the book ended! How could it end there?! A little repetition of phrases that I sometimes disturbed, how characters completely independent of each other used the same expression. But I love Stephen King and it was a good and exciting book. And sad! A child suffering is always terrible! Not his best book but very good! ',' ğŸ‘ ',' perfect brain break ',' not one of the best but perfectly ok book by king '"
#VALUE!
#VALUE!
"I can never stop listening to Warriors ğŸ˜¸ğŸ˜¸ğŸ˜¸ğŸ˜¸ ',' Great book ğŸ“• It gets â­ï¸AS â­ï¸ASLESAWLY FAILING â­ï¸AS â­ï¸ASLESS PIRS â­ï¸ASLESS â­ï¸ASLESAWLY BAIR â­ï¸ALLSLY â­ï¸strï¸ASARLSLESS PACKAGE PAIRLES â­ï¸ALLSLY â­ï¸strï¸ASARLSLESS PACKAGE PAIRLES â­ï¸ALLSLY â­ï¸strï¸ASARLSLESS PACKAGE PAIRLES â­ï¸ALLSLY â­ï¸strï¸ASARLSLESS PACKAGE PAIRLES â­ï¸ALLSLY â­ï¸strï¸ASARLSLESS PACKAGE PAIRLES â­ï¸ASLESAWLY STARS ',' Don't want to stop listening ',' Ahhh !!!! So exciting! ',' It's the world's best book !!! ',' Super good book ', funny and exciting again just like the other books.', 'Sooooo good! ğŸ˜', 'in a minute can everything. I'm in love with this book and my favorite cat is blue star.ni give this book â­ï¸ALLY STARS :) ',' Warrior's book series is fantastic !!! ',' It has as magic itself ... man Can't even describe how good it is! ',' very exciting book that I strongly advise. By /Lina Ehrlin ',' Its SOOOO GOOD DO MORE N ',' SOOOO GOOD ',' LIKE WOOOOOOOOOOW THIS IS ONE OF THE BEST BOOKS BEING EVER READ IT GOT ALL THAT I LOVE! '"
"Very well -written book, exciting from start to end ',' extra scary if you live in Gothenburg ',' superb book, an exciting story that you easily become magical. Perfect reader with good empathy in history '"
Great Story! '
"Started a little tough but continued Brilliant ',' a little tough in the beginning but builds up well. A book on the way to the next part. Nightly characters and strong women ',' good but long continuation. Is something of a bridge to the next book. Worth reading/listening to. ',' Amazing! Good stuff! ',' In the beginning I was skeptical it started uninteresting and pulled out an incredible amount I thought. But after the introduction for the whole thing was finished, everything took off fast, you became obsessed and just wanted to know more. Some parts wore a bit a lot but in a whole very good book. '"
"Wonderful book! ',' Great series of books ',' Although it is long, it's hard to stop listening. Some things get their explanation and you just want to know what's going on in the next book. '"
"I WANT TO STAY IN THE REALM OF THE ELDERLING FOREVER. ',' Very mixed. Slow, repetitive, annoying excuses that prevent the story from moving. But good prose, as usual '"
#VALUE!
"Good story and good end ğŸ˜Š ',' The book is good. Still do not know what the guy is called;) Is it day, Dave, Dale ... "", 'ğŸ‘â€œ,' The voice e nice and the book was shit good but sad ',' The closing part of the triology made me cry. Brilliant. ',' No words !! Best book I readğŸ˜Š '"